"Source:","C:\Users\Ray\OneDrive\Projects\kicad\KM\macro-keyboard-class\kicad-project-pro-micro\kicad-project-pro-micro.kicad_sch"
"Date:","3/2/2023 1:21:12 AM"
"Tool:","Eeschema (6.0.10)"
"Generator:","C:\Program Files\KiCad\6.0\bin\scripting\plugins/bom_csv_grouped_by_value.py"
"Component Count:","35"

"Individual Components:"

"Item","Qty","Reference(s)","Value","LibPart","Footprint","Datasheet"
"","","C1","0.1","Device:C_Small","Capacitor_THT:C_Disc_D4.7mm_W2.5mm_P5.00mm","~"
"","","C2","0.1","Device:C_Small","Capacitor_THT:C_Disc_D4.7mm_W2.5mm_P5.00mm","~"
"","","C3","0.1","Device:C_Small","Capacitor_THT:C_Disc_D4.7mm_W2.5mm_P5.00mm","~"
"","","C4","0.1","Device:C_Small","Capacitor_THT:C_Disc_D4.7mm_W2.5mm_P5.00mm","~"
"","","CON1","AVR-ISP-6","1-macro-keyboard-class-symbol-library:Amphenol 75867-331LF","1-macro_keyboard_class:conn_rect_AVR-ISP-6-RightAngle","https://www.digikey.com/en/products/detail/amphenol-icc-fci/75867-331LF/1523289"
"","","D1","1N4148","Diode:1N4148","Diode_THT:D_DO-35_SOD27_P7.62mm_Horizontal","https://www.digikey.com/en/products/detail/onsemi/1N4148TR/458811"
"","","D2","1N4148","Diode:1N4148","Diode_THT:D_DO-35_SOD27_P7.62mm_Horizontal","https://www.digikey.com/en/products/detail/onsemi/1N4148TR/458811"
"","","D3","1N4148","Diode:1N4148","Diode_THT:D_DO-35_SOD27_P7.62mm_Horizontal","https://www.digikey.com/en/products/detail/onsemi/1N4148TR/458811"
"","","D4","1N4148","Diode:1N4148","Diode_THT:D_DO-35_SOD27_P7.62mm_Horizontal","https://www.digikey.com/en/products/detail/onsemi/1N4148TR/458811"
"","","D5","1N4148","Diode:1N4148","Diode_THT:D_DO-35_SOD27_P7.62mm_Horizontal","https://www.digikey.com/en/products/detail/onsemi/1N4148TR/458811"
"","","D6","1N4148","Diode:1N4148","Diode_THT:D_DO-35_SOD27_P7.62mm_Horizontal","https://www.digikey.com/en/products/detail/onsemi/1N4148TR/458811"
"","","D7","1N4148","Diode:1N4148","Diode_THT:D_DO-35_SOD27_P7.62mm_Horizontal","https://www.digikey.com/en/products/detail/onsemi/1N4148TR/458811"
"","","D101","WS2812B","LED:WS2812B","1-macro_keyboard_class:led_MX_SK6812MINI-E","https://cdn-shop.adafruit.com/datasheets/WS2812B.pdf"
"","","D102","WS2812B","LED:WS2812B","1-macro_keyboard_class:led_MX_SK6812MINI-E","https://cdn-shop.adafruit.com/datasheets/WS2812B.pdf"
"","","D103","WS2812B","LED:WS2812B","1-macro_keyboard_class:led_MX_SK6812MINI-E","https://cdn-shop.adafruit.com/datasheets/WS2812B.pdf"
"","","D104","WS2812B","LED:WS2812B","1-macro_keyboard_class:led_MX_SK6812MINI-E","https://cdn-shop.adafruit.com/datasheets/WS2812B.pdf"
"","","D105","WS2812B","LED:WS2812B","1-macro_keyboard_class:led_MX_SK6812MINI-E","https://cdn-shop.adafruit.com/datasheets/WS2812B.pdf"
"","","D106","WS2812B","LED:WS2812B","1-macro_keyboard_class:led_MX_SK6812MINI-E","https://cdn-shop.adafruit.com/datasheets/WS2812B.pdf"
"","","D107","WS2812B","LED:WS2812B","1-macro_keyboard_class:led_MX_SK6812MINI-E","https://cdn-shop.adafruit.com/datasheets/WS2812B.pdf"
"","","D108","WS2812B","LED:WS2812B","1-macro_keyboard_class:led_MX_SK6812MINI-E","https://cdn-shop.adafruit.com/datasheets/WS2812B.pdf"
"","","H1","4-40","Mechanical:MountingHole_Pad","1-macro_keyboard_class:mount_hole_4-40","~"
"","","H2","4-40","Mechanical:MountingHole_Pad","1-macro_keyboard_class:mount_hole_4-40","~"
"","","H3","4-40","Mechanical:MountingHole_Pad","1-macro_keyboard_class:mount_hole_4-40","~"
"","","H4","4-40","Mechanical:MountingHole_Pad","1-macro_keyboard_class:mount_hole_4-40","~"
"","","J1","0.1"" Pin Header","Connector_Generic:Conn_01x11","Connector_PinHeader_2.54mm:PinHeader_1x11_P2.54mm_Vertical","~"
"","","R1","470","Device:R_US","Resistor_THT:R_Axial_DIN0207_L6.3mm_D2.5mm_P10.16mm_Horizontal","~"
"","","SW1","Cherry MX","Switch:SW_SPST","1-macro_keyboard_class:switch_Cherry_MX_1.00u_PCB","~"
"","","SW2","Cherry MX","Switch:SW_SPST","1-macro_keyboard_class:switch_Cherry_MX_1.00u_PCB","~"
"","","SW3","Cherry MX","Switch:SW_SPST","1-macro_keyboard_class:switch_Cherry_MX_1.00u_PCB","~"
"","","SW4","Cherry MX","Switch:SW_SPST","1-macro_keyboard_class:switch_Cherry_MX_1.00u_PCB","~"
"","","SW5","Cherry MX","Switch:SW_SPST","1-macro_keyboard_class:switch_Cherry_MX_1.00u_PCB","~"
"","","SW6","Cherry MX","Switch:SW_SPST","1-macro_keyboard_class:switch_Cherry_MX_1.00u_PCB","~"
"","","SW7","Encoder","Device:RotaryEncoder_Switch","1-macro_keyboard_class:encoder_Alps_EC11E-Switch_Vertical_H20mm","~"
"","","SW8","6x6 Momentary","Switch:SW_SPST","1-macro_keyboard_class:switch_momentary_KM_6x6","~"
"","","U1","ProMicro","1-macro-keyboard-class-symbol-library:arduino_ProMicro","1-macro_keyboard_class:arduino_ProMicro-NoSilk",""



"Collated Components:"

"Item","Qty","Reference(s)","Value","LibPart","Footprint","Datasheet"
"1","4","C1, C2, C3, C4","0.1","Device:C_Small","Capacitor_THT:C_Disc_D4.7mm_W2.5mm_P5.00mm","~"
"2","1","CON1","AVR-ISP-6","1-macro-keyboard-class-symbol-library:Amphenol 75867-331LF","1-macro_keyboard_class:conn_rect_AVR-ISP-6-RightAngle","https://www.digikey.com/en/products/detail/amphenol-icc-fci/75867-331LF/1523289"
"3","7","D1, D2, D3, D4, D5, D6, D7","1N4148","Diode:1N4148","Diode_THT:D_DO-35_SOD27_P7.62mm_Horizontal","https://www.digikey.com/en/products/detail/onsemi/1N4148TR/458811"
"4","8","D101, D102, D103, D104, D105, D106, D107, D108","WS2812B","LED:WS2812B","1-macro_keyboard_class:led_MX_SK6812MINI-E","https://cdn-shop.adafruit.com/datasheets/WS2812B.pdf"
"5","4","H1, H2, H3, H4","4-40","Mechanical:MountingHole_Pad","1-macro_keyboard_class:mount_hole_4-40","~"
"6","1","J1","0.1"" Pin Header","Connector_Generic:Conn_01x11","Connector_PinHeader_2.54mm:PinHeader_1x11_P2.54mm_Vertical","~"
"7","1","R1","470","Device:R_US","Resistor_THT:R_Axial_DIN0207_L6.3mm_D2.5mm_P10.16mm_Horizontal","~"
"8","6","SW1, SW2, SW3, SW4, SW5, SW6","Cherry MX","Switch:SW_SPST","1-macro_keyboard_class:switch_Cherry_MX_1.00u_PCB","~"
"9","1","SW7","Encoder","Device:RotaryEncoder_Switch","1-macro_keyboard_class:encoder_Alps_EC11E-Switch_Vertical_H20mm","~"
"10","1","SW8","6x6 Momentary","Switch:SW_SPST","1-macro_keyboard_class:switch_momentary_KM_6x6","~"
"11","1","U1","ProMicro","1-macro-keyboard-class-symbol-library:arduino_ProMicro","1-macro_keyboard_class:arduino_ProMicro-NoSilk",""
